SMA,EMA,RSI,MACDLine,SignalLine,Histogram,ATRPercent,ADX,bullish,bearish,neutral,trend15,volume,label
95365.93000000002,95389.46567174484,67.03357182168949,12.60075062548276,9.973704909283292,2.6270457161994685,0.027737637436063063,3.4524813596580053,0,0,0,0,0,0.004529576116093317
94726.974,94677.62400934589,24.792079207922384,-54.59744605314336,-27.61026946822595,-26.987176584917407,0.07400198184786805,36.087130219425944,0,0,0,1,0,-0.002961855435305171
103346.93999999996,103325.02911008794,53.99820305480628,-22.66524024006503,-28.11034531480497,5.4451050747399385,0.08810316784137456,10.24579038501612,0,0,0,0,0,0.0005684443765576914
119470.284,119558.0578984798,70.35071826064419,81.57866226283659,63.57249807698827,18.00616418584832,0.08197746803343954,30.500719021690198,0,0,0,0,0,0.001513026052104184
121665.04799999997,121745.74407546074,55.31847133757997,-2.5053034360171296,11.495496362489778,-14.000799798506907,0.12548517350646846,10.04330127756989,0,0,0,-1,0,-0.003251668747940735
118007.24599999996,117972.93258682417,35.1023770298891,-81.48597435430565,-66.14751186372693,-15.33846249057872,0.09997573551713801,44.761537281936434,0,0,0,0,1,-0.005797371294125613
117195.83399999999,117210.69299582115,48.092443140131884,21.744184496390517,37.94797486767897,-16.203790371288456,0.06322142501274788,3.9524300430000596,0,0,0,0,0,-0.0009384397182463986
117626.74999999993,117634.0364812934,66.63254861821706,6.803620150123606,5.5291189928975655,1.274501157226041,0.01019930287765008,10.64829126850286,0,0,2,0,0,0.00046933280636321436
117674.70800000003,117697.06388493147,35.450160771704674,13.153695931250695,30.489299442530157,-17.335603511279462,0.026400674109349615,24.80039284701745,0,0,0,0,1,-4.246641543535295e-06
116424.17,116394.6655830245,54.1761868494535,-22.1682214106404,-8.605835114840172,-13.562386295800227,0.05717949130325412,18.205749026617344,0,0,0,0,0,-0.0036310000479113556
112972.42199999998,113076.88540380899,83.23118411375455,82.65751123761584,68.57279754653024,14.084713691085597,0.0577403159386713,62.60129524202851,0,0,0,0,0,0.0014978349396493624
113543.96599999996,113542.58873420767,44.01759530791834,-79.18207313398307,-87.46040074308176,8.278327609098696,0.1177878558830949,21.42039100785013,1,0,2,-1,1,-0.0007122114515551337
112465.808,112398.32140120259,58.07479456649358,14.325030688210973,-11.809324931185175,26.134355619396146,0.07972739325320807,9.57182343325547,0,0,0,0,0,-0.0015628177248393005
103049.43199999997,103161.16571427858,67.96240427013225,134.61418616620358,133.50553048880022,1.1086556774033625,0.1189963413971253,28.97731314279345,0,0,0,0,0,-0.004892829477368224
116808.52799999998,116828.72163662502,53.75901132852782,28.606308130096295,51.91928588612872,-23.312977756032424,0.08883805639270494,2.598639549275792,0,0,0,0,0,0.0036569109010772824
115113.79,115104.24441638788,62.438057482655196,-12.830774370551808,-16.098378431378578,3.26760406082677,0.023646502960809904,3.4015666118255523,0,1,1,0,0,-0.0011005492330873263
114705.21200000001,114586.88148879014,50.44278520576415,15.19590859116579,38.785741429324844,-23.589832838159055,0.0762493794740723,18.793768276500934,0,0,0,1,0,0.0041668034601504275
112342.89000000001,112255.63038172887,68.8766608508923,78.3270246184984,67.74819599689606,10.57882862160234,0.08813367535130237,20.93596506377975,0,0,0,1,0,-0.001126003611915073
110634.24600000001,110658.18532921848,23.618301385195537,-91.96205043121881,-79.67388137002611,-12.288169061192704,0.09043368698840624,42.70790400107898,0,0,0,-1,0,-0.00457535593314429
112103.98599999999,112175.9344629918,72.12121212121114,87.49851809504617,71.03207557578247,16.466442519263694,0.08493839902609837,53.58338208329645,0,0,0,0,0,0.0032163238317018126
112445.29000000004,112442.06951864786,32.654792196776924,36.54022077799891,58.52327920526376,-21.98305842726485,0.06738568440991227,15.462855125012323,0,0,0,1,1,-0.003977419441006483
108139.36000000002,108153.79786692926,49.66139954853271,-23.174864283995703,-23.208569148054167,0.03370486405846407,0.06252157625478118,19.879368224801556,0,0,0,0,0,-0.0008870575442812597
108710.22399999999,108703.45114964264,42.32475598935077,-20.270819418525207,-27.361136160857214,7.090316742332007,0.030889416677128335,38.35500174912648,0,0,0,0,0,0.0003547752752042492
109059.68800000002,109041.89080154696,26.61049198151555,-29.261110564533737,-18.26796689136083,-10.993143673172906,0.04829638563693732,30.838955537195815,1,0,2,0,0,-0.0008612001832340816
103779.156,103805.28534228737,53.67753623188458,26.923351252349676,42.57994629580612,-15.656595043456441,0.0725140489527876,30.378165788011497,0,0,0,0,0,0.0012194709505978702
109160.44000000003,109138.40886541313,54.27078600635978,-10.850936410934082,-15.8327342116164,4.981797800682317,0.05929893445222571,22.781133113918386,0,0,0,1,0,-0.0038414686073334095
110537.42799999999,110511.94466781984,56.82722050375607,-14.760555134518654,-32.889665807909395,18.12911067339074,0.08195354716303192,6.761182233830045,0,0,0,-1,0,0.002014654653789313
111899.11799999999,111937.59190313816,78.56505443512367,74.03176029508177,53.931556753172316,20.10020354190945,0.07945912010726486,55.583803209931084,0,0,0,0,0,-0.002686864268722133
109970.01,109942.56883031754,38.17299205648785,-43.09207063649956,-45.28402088198183,2.191950245482275,0.1045426821617703,24.246587805325134,0,0,0,0,0,-0.002907281299109429
111129.04199999999,111124.85401894595,20.653103094547717,-69.5714475679124,-32.85794767939175,-36.71349988852065,0.0857561708335148,59.28620464707658,0,0,0,0,0,0.0013287967429112763
110144.17600000002,110123.36577492667,71.72156619017528,1.7731060326914303,-11.8466323559761,13.61973838866753,0.02466119870674955,11.287712552492579,0,0,0,0,0,2.3610692374393556e-05
110963.03600000004,110956.0553532537,69.20529801324633,-4.799717492496711,-19.408889928506042,14.609172436009331,0.026134288650290077,26.13889774443586,0,0,0,0,0,-0.0010404816611734608
112298.266,112274.60084469784,70.52718970526871,6.622339855501195,-1.0478210489268855,7.670160904428081,0.0352770901914415,0.49058439581652824,0,0,0,0,0,-0.0009572684278624775
111116.45599999996,111120.99438500838,81.40398245022159,22.065908981414395,-3.2028062576622083,25.268715239076602,0.04746639145748679,50.83586703528154,0,0,0,0,0,2.7836618802569846e-05
113440.04800000004,113412.80564380194,36.58966672544419,-24.82300262285571,-7.9654694043727226,-16.85753321848299,0.07756853146994205,8.575216151070249,0,0,0,0,0,-0.0012013341131466028
103010.38000000002,103042.73419843744,73.46195850018245,40.48109940972063,29.647094258104012,10.834005151616616,0.04761974026981518,21.201267023418406,0,0,0,0,0,0.00226121501454543
114197.56199999996,114186.91984616687,40.42498719918238,-19.791258173965616,-25.986306236739942,6.195048062774326,0.043997883896398485,8.848709314117157,0,0,0,0,0,-0.004852321592396291
116354.07,116338.50083118444,31.559471365638032,-60.4826259547408,-25.341922591047478,-35.14070336369332,0.07386567123061044,52.041968112564454,0,0,0,0,0,-0.00365655902810974
115533.27800000002,115542.15242011413,54.14931111823033,5.043044414080214,-7.953658140660587,12.9967025547408,0.036580086580087476,2.9581019305526848,0,0,0,0,0,-4.404635749583348e-05
115378.73199999997,115407.8300055083,46.714743589744835,4.104175761254737,5.99102940385799,-1.8868536426032527,0.014804362087960418,1.4097030168912446,0,0,0,0,0,0.0020023745277927183
115116.90199999996,115051.26470337725,59.00374181478066,-44.774844260842656,-64.73882643158302,19.963982170740366,0.053799907334938404,13.114841727225313,0,0,0,0,0,0.0009119373641195737
116377.42599999999,116387.85372304477,84.04679606487397,21.494943993078778,-5.780309867571406,27.27525386065018,0.0650138621863042,46.352530453670916,0,0,0,0,1,-0.002127914438502649
115348.80199999995,115431.37703914344,61.64869029275778,171.5571952170576,108.84452620850708,62.71266900855052,0.21717077151721798,20.228377253847427,0,0,0,0,0,-0.000875968992248037
117751.93199999999,117711.76977375438,60.38062283736972,9.155206014678697,6.356490796409263,2.798715218269434,0.051911480431956106,7.627942157979476,0,0,0,0,0,0.0006251871083518593
115372.09999999995,115372.76725394267,37.90375741595326,-4.316836085548857,6.586394900304084,-10.903230985852941,0.03470155854937685,4.73164273312447,0,0,0,0,0,-0.0010228612075992626
115687.344,115698.62784797835,63.57758620689504,15.539681563313934,14.478533611734747,1.061147951579187,0.017272573055332148,0.2822512073603795,0,0,0,0,0,0.0006912987948933759
104536.62400000001,104513.79676601355,45.09430367689105,12.109201855782885,29.18881614993572,-17.079614294152837,0.10159534008019723,21.35866826429548,0,0,0,1,1,-0.004438087064320738
115449.34799999997,115467.20231894632,43.85813148789162,8.819743698564707,15.146482386556777,-6.326738687992069,0.01391504229678371,3.5176802265482485,0,0,0,0,0,0.00048319152775269176
112540.31399999997,112551.03509682078,31.217129977459322,24.908011808714946,46.24908953302333,-21.341077724308384,0.040532741398445614,21.643674927987455,0,0,0,0,0,0.0009028128206515587
111780.734,111789.59367947932,81.17780294450873,58.79813217664196,40.228124558201266,18.57000761844069,0.08150502926846877,26.84825388415037,0,0,0,0,0,0.001155503644211982
113584.25,113570.00222641711,41.03075170842854,7.637717396282824,8.508533812498273,-0.8708164162154493,0.0483639403492143,21.476865523970396,0,0,0,0,0,-0.0010089750311724818
109559.31800000001,109505.29009432856,48.14417506972799,-35.3397506748006,-61.13834636849222,25.798595693691624,0.10990054678914132,22.505265780010806,0,0,0,0,1,-0.0023177426027208626
109772.58200000001,109809.37737390367,83.43983932809977,113.36676152907603,104.68506963666651,8.681691892409518,0.06047721193247547,58.22588118336567,0,1,1,1,0,-0.0014681564449966387
109367.37800000001,109362.5036089914,55.7228915662618,-2.203810315928422,-5.02574522350268,2.821934907574258,0.012736626933615918,26.262129957528373,0,0,0,0,0,-0.002134094067948096
110166.90600000002,110168.51182704912,32.57812500000169,-24.904061432447634,-22.910693001110403,-1.993368431337231,0.015765247037532203,44.68119050005218,0,1,1,-1,0,-0.00883810335932136
113951.66400000006,113951.8977240072,43.21821821821686,-19.848290101144812,-13.120555572847175,-6.727734528297637,0.0485729393391619,38.72538832370655,0,0,0,0,1,0.0015358706044366207
113566.796,113560.11745017522,58.07747489239674,-43.63559960910061,-67.26684950349187,23.63124989439126,0.045807651950022704,12.362125205428907,0,0,0,-1,0,0.0025203014536692003
104831.69400000002,104913.93600405917,65.13357778941779,64.62978085952636,11.466768573166014,53.16301228636035,0.14435046566396006,42.993731448051605,0,0,0,-1,0,0.0009431576385310042
117164.05200000003,117145.56342263722,35.445396943717995,-49.25426545285154,-42.78725582766573,-6.46700962518581,0.042360564921520384,39.69740922161822,0,0,0,0,0,-0.0035357927887833315
120336.51200000002,120259.8178488384,50.07440476190475,-69.7214273504942,-97.62768999782404,27.90626264732984,0.07720634518714858,13.581144631445463,0,0,0,-1,1,0.0002479407604626251
122471.08000000002,122496.13607978098,42.068388580989414,-12.10005439397355,-11.06744694029395,-1.032607453679601,0.1304343110979906,8.908776231961479,0,0,0,0,1,-0.002383193299280688
121615.37800000001,121647.65832556106,65.29209621993127,21.197944497151184,10.69157512734172,10.506369369809464,0.03262406801584136,19.562399915597997,0,0,0,0,0,-4.90968230268863e-06
122931.98199999999,122939.56995890982,54.9990894190485,18.751460676154238,32.87869668035031,-14.127236004196071,0.06548923876368415,7.190993135832138,0,0,0,0,0,-0.0046886438562290834
125578.36600000001,125452.87352354977,31.279303415941754,-122.55128530711227,-111.75275894004638,-10.79852636706589,0.05629435392751237,46.089632140387245,0,0,0,0,0,-0.0016328977340846654
120954.30000000002,120926.10460513172,57.926932880204355,-58.3447365261527,-65.02767333266416,6.682936806511464,0.09244616579231453,10.762635224694455,0,0,0,-1,1,-0.0008116377373835423
123514.47200000002,123545.36731602906,48.2691998067945,18.498247369541787,13.147977464334367,5.350269905207419,0.08374942209893733,2.1385181916948506,0,0,0,0,0,-0.00029620973272143704
120604.48000000003,120605.11175616832,67.00239204330859,9.506203053053468,-34.14623744607606,43.652440499129526,0.09938714514818886,30.19359650083333,0,0,0,-1,0,-0.0006527173371766798
117294.00600000001,117277.39240993992,73.29244494005991,115.39228008741338,99.11040441016829,16.281875677245097,0.09481413845338718,50.95151478265524,0,0,0,1,0,0.004335344829117653
105595.90599999997,105765.95680990593,57.58812615955496,60.635160623365664,65.01861967394426,-4.383459050578594,0.1318872564848506,26.532971020173385,0,0,0,-1,0,0.0044690303458383394
111824.46800000001,111738.56109904552,38.16013628620224,6.792653236116166,12.654824682178312,-5.8621714460621455,0.0446908405557017,5.065921398192228,0,0,0,1,0,0.0012889273200240717
113816.85200000001,113854.52653122341,64.96945010183441,24.925240435783053,16.992399672293686,7.9328407634893665,0.09876363765989125,4.076683144674654,0,0,0,-1,0,-0.005561293122152336
115110.148,115173.10110119935,72.38737358259439,30.998063745122636,-1.2709479498023737,32.26901169492501,0.10042784853643669,33.28402734417941,0,0,0,-1,0,-0.0007436615820967798
112973.31800000001,113007.7132896008,64.75007826359158,63.9659076310345,68.99181658848183,-5.025908957447328,0.12263754449099745,10.958643615741517,0,0,0,0,1,-0.0023844904752902533
111198.95599999996,111204.72120904629,52.07445969395823,2.812505756141036,-15.716808587131608,18.529314343272645,0.11042451047809385,16.50826771328616,0,0,0,0,0,-0.0019266714593816874
108256.76400000001,108139.17972537673,26.218646474207276,-151.60873009840725,-110.78584570977708,-40.82288438863017,0.19378403550464446,24.150462101461407,0,0,0,0,0,0.0017725326854101586
106716.22,106730.38669288922,54.142094917158374,58.92133746833133,65.07779731534862,-6.156459847017288,0.11832772744475888,5.120268926880634,0,0,0,0,1,0.0033302333406549514
106790.60999999996,106807.19724415416,43.28214971209226,-17.015379736287287,-6.895831366548212,-10.119548369739075,0.037856167175833004,45.53415683861656,0,0,0,0,1,-0.0017021363910231658
109208.63399999999,109191.96086638408,47.631779984720836,-5.9931988361349795,-9.450154851569096,3.456956015434116,0.07388477088331952,3.8378507038568253,0,0,0,1,1,-0.0029891254515780016
110744.04199999999,110690.45042146998,29.55760095012026,-84.76791682193289,-53.617255577397174,-31.150661244535712,0.10324504767942826,31.599527453744408,0,0,0,0,0,-0.00031723020971529965
106923.63400000002,106982.2158529203,15.042501517910281,-120.87604406516766,-79.30855927183842,-41.56748479332924,0.12989463840750168,49.80200760723748,0,0,0,-1,0,-0.0005381367567677952
111862.18000000004,111801.46573804179,78.4664103144078,44.043991380691295,-8.12448901634424,52.16848039703554,0.1450480336162644,16.399692654769463,0,0,0,1,0,0.0071442797109185
108005.46199999996,107985.31013276163,42.160599290314806,-30.64659432467306,-7.961921914739327,-22.684672409933732,0.10604848055486217,16.784367332604084,0,0,0,1,0,-0.0008236609206511693
110391.90399999998,110405.57997660991,68.74191760576461,42.949925628548954,27.70170152450252,15.248224104046432,0.08571289043323016,4.077880198436984,0,0,0,1,1,-0.00225975424147939
110541.288,110526.01277649691,54.358641574733866,-18.944363940681797,-26.37158414150569,7.427220200823893,0.07055845393588,8.766283383480438,0,0,0,0,1,-0.0005027475423483979
111609.39399999999,111600.96105446527,18.949449308103837,-33.68864099425264,-10.724041401901761,-22.964599592350876,0.05691979205370974,25.499196241843208,0,0,0,0,0,-0.0008285093384580782
113580.07800000001,113575.24479660549,24.549170473670657,-40.5939632255031,-18.908721002281204,-21.6852422232219,0.05472576075478198,33.620187800999545,0,0,0,0,0,-0.009001738972301391
115295.08399999999,115283.42670314024,54.801477377654,15.113016795934527,27.931365187545047,-12.81834839161052,0.06636278595244834,19.120873416745813,0,0,0,1,0,-0.000556591458374575
114835.016,114678.99356927733,68.56842382016606,61.49868590007827,42.40541186363003,19.093274036448243,0.10286584134578172,17.492570630238014,0,0,0,1,0,0.0011308883845020765
110787.576,110777.29705792459,71.41802819768897,246.1928065691609,171.86666776545624,74.32613880370465,0.47968901078068216,14.464823784952147,0,0,0,0,0,0.0020177881591950933
107014.016,107049.11522144428,58.971361776739265,92.21643308820785,87.22599309846798,4.990439989739869,0.14352453460783932,9.769987210183512,0,0,0,0,0,0.00012076240090516065
111701.20200000003,111688.0454915743,28.122605363984675,-23.231610996939708,9.113313220538354,-32.34492421747806,0.09160077653596543,45.426249561013336,0,0,2,1,0,-0.0008216223618219214
109268.44399999999,109319.82719031133,36.27172554810881,-47.742413616899285,-77.56801673264837,29.82560311574909,0.14518244120637167,5.465506815882006,0,0,0,-1,0,-0.00015059100122937017
110211.21999999999,110212.99691990383,58.766564729869835,-2.7713636083644815,-9.214409206830574,6.443045598466092,0.022708490383112314,29.92712204662409,0,1,1,0,1,0.00170926020598445
110212.10800000002,110185.36365961177,45.61664190193127,-10.755906063466682,-5.762449806645034,-4.9934562568216485,0.04107434508337882,24.65287420013871,0,0,0,0,0,0.0007049992176782875
106959.20599999998,107053.6812748001,58.07204803202171,79.26953054507612,93.11129540147279,-13.841764856396665,0.09576770300328157,25.08944174754127,0,0,0,1,0,0.006664301236580396
100904.192,100774.20170978253,55.55413850274198,-94.66931958273926,-168.9816199474622,74.31230036472294,0.3442413451174338,5.038240326519034,0,0,0,1,0,-0.013209237251020155
104164.05200000003,104147.03586934581,44.570378312146204,-47.69229471532162,-47.75828075243044,0.06598603710881434,0.09631947592980786,25.77816046075917,0,0,0,0,0,0.0014864344721271495
101712.87600000002,101626.81196586583,37.237695536055114,-109.30084859550698,-86.17297394667305,-23.127874648833924,0.15204235132548885,30.875874951418602,0,0,0,1,1,-0.0027220764849149536
102566.92800000004,102634.98347988403,48.86331344131845,22.570599137150566,18.984842200047247,3.5857569371033193,0.12377922151303286,10.100887283485369,0,0,0,-1,0,-0.004967766766092591
102028.09,101969.60466792683,34.491279069768524,-36.98850864327687,-21.952371755262398,-15.036136888014475,0.0925137858521628,38.5827895652555,0,0,2,0,0,0.00011932975800509098
104052.63,103966.68170116979,32.932416953037205,-135.32665033068042,-160.8975581490053,25.570907818324883,0.046347585520364956,55.89658227977229,0,0,0,-1,0,0.0024380060825665447
108890.028,108906.15114492938,62.33016936534551,47.528494349855464,42.56885860703996,4.959635742815507,0.08673824504202393,8.833679177868142,0,0,0,1,0,0.0017298961877667421
105716.00400000002,105774.87272383974,58.75726104559092,52.89358694307157,44.75159675847034,8.141990184601227,0.08745235663571048,12.974766738992983,0,0,0,0,0,-0.002026891354834799
103230.65399999998,103243.81171442986,39.76388888888929,-12.373739195172675,9.31548909994793,-21.689228295120607,0.12099210198143434,20.607753618742265,0,0,0,1,0,-0.003593097286803157
101461.496,101477.73136121572,41.63195759182247,29.23130798456259,44.79508421160992,-15.563776227047327,0.09094350566093336,25.10200194549302,0,0,0,0,0,0.0006168109007309421
98520.56600000002,98581.15800367092,64.49240414757688,112.58380301123543,71.39649356999143,41.187309441244,0.28833346335318283,35.53874737136661,0,0,0,0,0,-0.007763447220026061
95375.99599999996,95550.0052789621,62.3545311209553,165.22978905937634,192.18252144997274,-26.952732390596395,0.20867414140241453,7.691389153976298,0,0,0,1,0,-0.00030753287020845977
96038.25600000004,96020.45224557066,49.8063747393502,-7.466105186133063,-2.6885037166309,-4.777601469502164,0.0549251974309004,0.27478585197593663,0,0,0,1,0,-0.003939013813226926
94286.50200000001,94384.23272552123,80.13698630137041,181.65913101290062,168.00761731386754,13.651513699033075,0.13011823754930102,9.317000737211192,0,0,0,1,0,-0.0003293811164095203
92532.77200000001,92471.7349843432,51.40873826051436,-21.030748153600143,-16.435656930662745,-4.595091222937398,0.14351330070556087,15.603744801779799,0,0,0,1,0,-0.005375222926754129
93335.67799999999,93305.86516579111,36.670927425081494,-39.46328266321507,-41.61036533738823,2.147082674173163,0.11410099466885029,14.9040780593745,0,0,0,1,1,-0.006419682590112828
89039.546,88995.27966940621,49.11571500757957,-18.514453476600465,-10.082385588314436,-8.43206788828603,0.1748781818771641,2.53150866076896,0,0,0,-1,0,0.003306508823268632
94913.436,94895.20265173179,38.66666666666578,-23.452008244465105,-19.265647347360048,-4.186360897105057,0.05976176103617409,33.00000434749526,0,0,0,0,0,-0.008048129491050124
108848.81399999997,108868.06105258939,71.3739241313358,37.86431912537955,29.491070648215505,8.373248477164047,0.03539970540000986,47.89654522996407,0,0,0,0,0,0.0030015122897765235
86533.57600000003,86654.63570696698,67.56971058543678,101.05988961474213,98.30604749851369,2.7538421162284408,0.17928148680935332,31.259371453447315,0,0,0,0,0,-0.004375248012207066
84481.41800000002,84397.36129583347,26.040268456375514,-175.60483522059803,-115.59443025276899,-60.01040496782905,0.23768415852865776,46.96619042703548,0,0,0,0,0,0.003921124527553971
84569.03600000002,84551.25226467938,55.127254756609695,-9.182893887351383,-20.207902775299672,11.025008887948289,0.07144817173109294,21.828040376552597,0,0,0,0,0,-0.0033708914305840684
87035.32000000002,87060.87302692217,23.608649415100643,-54.69018839026103,-35.454073448314574,-19.236114941946454,0.08670404241663965,32.96164758901468,0,0,0,-1,0,-0.0005880134149107646
88499.73199999999,88441.69095245205,47.17233985526687,-54.56910813211289,-59.02528633461043,4.45617820249754,0.13156838448460717,48.80243439557939,0,0,0,-1,1,-0.00011048291178844676
87325.17800000001,87328.49529378036,62.84722222222188,78.22619608702371,98.94829584907308,-20.722099762049368,0.08421687926141046,20.40950558579183,0,0,0,1,0,0.000824795323249727
89979.86600000001,89996.19360794795,65.22621809744746,99.755234684053,44.457734121960435,55.29750056209256,0.1478314831850616,31.157735344862626,0,0,0,0,0,0.0008804691103936244
91592.996,91545.33935858258,20.452771272443997,-74.61572585761314,-75.24001058654943,0.6242847289362885,0.0690217938228236,13.674855874948358,0,0,0,0,0,0.00037383627064447016
90775.84799999998,90787.47504893325,54.00899708917732,-18.411761622599442,-28.72974135680609,10.317979734206649,0.08260172851969579,20.034968831357013,0,0,0,-1,0,0.0031215797505819245
90534.02,90476.59321403205,30.21017481830704,-95.56808236893266,-88.10381711390963,-7.464265255023037,0.09135853674367073,20.128187195675164,0,0,0,-1,0,0.003136644627862418
107430.106,107463.98217027033,75.58106972836762,26.909832609817386,11.20236486533314,15.707467744484246,0.04178833352587242,46.965092445827274,0,0,0,0,0,-0.009344027504567315
91370.40800000001,91355.38416444119,46.40762463343063,-11.270181225758279,-11.510771013612006,0.2405897878537271,0.04589349798567991,9.927333771061592,0,0,0,0,0,-0.0011284664152382904
84977.54800000001,84996.8073923548,84.32084963667015,101.40163780245348,65.24497748453642,36.15666031791706,0.12933864915572332,30.56726149492287,0,0,0,-1,0,-0.0011229451261866173
91944.35200000001,91923.48007894789,54.176916264882834,-15.277027598014683,9.611676092046158,-24.888703690060844,0.15916675983530354,14.201096153108022,1,0,0,1,0,-0.003607246334141397
92813.98599999999,92886.61120717306,47.70283479960924,58.26473472232465,79.52618440982607,-21.261449687501425,0.1088567050338125,9.593192666544548,0,0,0,0,0,-0.00011248557774199665
92069.74599999996,92113.23328976882,72.47027741083214,115.34456346966908,142.25068200085175,-26.90611853118267,0.09085277784262054,11.301224363506728,0,0,0,0,0,7.926356547065087e-05
89071.41799999998,89170.23949732922,57.986312492750876,62.38048061459267,65.74797370224971,-3.3674930876570386,0.13236760998195715,21.960478395190282,0,0,0,0,0,0.0011779104765601426
89601.12000000004,89608.36014695166,67.56551462210678,35.34162490851304,33.557552902477454,1.7840720060355864,0.040659764377140944,11.994063712022589,0,0,0,0,0,0.0005895362352238066
91433.96200000001,91455.71170797742,66.32598171059728,49.37235516049259,61.93138148619457,-12.559026325701979,0.10402245643372392,15.486551834658236,0,1,1,0,0,0.010437956122815062
90098.30199999997,90137.27521915811,48.2479003764844,2.7217800325597636,0.012696520278243244,2.7090835122815204,0.14170196551122113,19.201596695052,0,0,0,-1,0,0.002579435385363621
93879.21800000001,93907.66638012165,67.78789077958155,66.76665827495162,43.70107965625842,23.065578618693202,0.08706136509427503,9.149759430223616,0,0,0,1,1,0.0022308008391185245
109138.58599999995,109185.49353453371,40.97476401464136,27.196934126812266,57.76822162822322,-30.571287501410957,0.06460741723756651,22.28525861116894,0,0,0,0,1,-0.002900144596185693
92516.002,92523.59464292946,28.651730506705377,-110.7563577680412,-33.14822960589663,-77.60812816214457,0.1873849246281027,31.454081325751794,0,0,0,-1,0,0.0005435630013339717
90627.056,90635.56954247109,32.797079897255244,-127.82498881177162,-120.58921819154865,-7.235770620222965,0.12608766539557947,30.61360601619365,0,0,0,-1,0,0.008345825895565068
90339.37200000003,90376.55629271548,35.48690902241485,13.805850228760391,37.48729082798107,-23.68144059922068,0.09762248989378874,15.291120237509181,0,0,0,1,0,-0.0003168592380531467
90103.108,90110.92396419034,58.06174957118338,6.459321974922204,4.422277039807846,2.0370449351143582,0.018076401444148384,23.044651266907852,0,0,0,0,0,-0.0009095270459362102
88817.17600000002,88785.2509504431,38.55203619909502,-24.19894547286094,-8.04375380453065,-16.15519166833029,0.08068268727609129,10.550861818902343,0,0,0,0,1,0.0012534617264286173
85860.242,85756.03933592683,45.2344265903585,-98.00106244644849,-145.96279626996127,47.96173382351279,0.18311356531949474,11.936941128151794,0,0,0,0,0,0.0018582299690488595
87635.722,87611.05654654607,20.882990249188353,-89.31445200633607,-36.080300980394696,-53.23415102594137,0.14523759372330586,23.656257264828124,0,0,0,0,0,0.0005364299731102326
85904.43000000002,86059.32703556097,64.35708651064954,162.97843486099737,186.387027664621,-23.408592803623634,0.11293142928515094,53.63119017366219,0,0,0,1,0,-0.0027321167111956745
86069.85399999999,86093.27136466817,39.76060677885845,64.56259525677888,116.55801481516067,-51.9954195583818,0.1557293090902318,11.640235243354145,0,0,0,1,1,0.0030294997982677823
87154.51,87218.57422658797,90.06335445148508,58.677728641516296,5.632082250580424,53.04564639093587,0.11393178635563472,31.93582772714847,0,0,0,-1,1,-0.0038137917590363632
109880.83,109914.04017999522,63.16753127860904,54.68982060979761,62.94799395830584,-8.25817334850823,0.06928430147263479,22.087934412277185,0,0,0,1,0,0.0008200511704575379
88190.09599999999,88175.67602959202,37.75100401607177,-9.929003643570468,-12.18857578099091,2.2595721374204416,0.007147305976163886,12.033675715626305,0,0,0,0,0,0.0011504424778760402
88275.856,88236.30021534118,25.84529874941971,-64.89721954111883,-47.7486694706523,-17.148550070466527,0.0687344566399201,46.90847373002371,1,0,0,0,0,-0.0014515235331511184
89168.28199999999,89171.82225744057,56.60026560424903,57.91334193210059,65.08469734172266,-7.171355409622066,0.07364766668695223,32.74673339966287,0,0,0,1,0,-0.00012679106530529013
87919.71599999997,87893.58416937977,39.239173357904605,-44.23402833525324,-21.03475815262775,-23.199270182625494,0.13248848581962486,4.351037708874696,0,0,0,0,1,0.0013650403457949904
87418.406,87415.08996956925,52.4870308208711,-9.251791475282516,-13.789605293178788,4.5378138178962715,0.052209866341109246,19.950928521572646,0,0,0,0,0,-0.0010584494228658592
88188.51399999998,88175.49334341192,64.67170249854686,3.7458357721043285,-1.4952670396257115,5.24110281173004,0.035599776877830835,1.565679335236887,0,0,0,0,0,0.0013416657839918418
87234.04,87245.1581900864,59.821428571429536,-3.0850339561293367,-6.3442938008180745,3.2592598446887378,0.07755792213505175,20.18763188461666,0,0,0,-1,0,0.0011329979354259842
87482.16399999999,87487.84705904959,58.64661654135489,5.567837926209904,4.539470312290683,1.0283676139192215,0.010310192298554788,0.1364842789255286,0,0,2,0,0,-0.0009739608043501398
87620.17,87632.28142055047,38.16280806571998,18.129360816223198,26.941466115266344,-8.812105299043147,0.024829457400976584,21.255305901658232,0,0,0,0,0,0.00018737332306581806
87549.30200000001,87572.7391515758,68.97497428865242,48.92125185061013,55.246437483822874,-6.32518563321274,0.06633647724477856,14.293699339799652,0,0,0,1,0,0.0011114819874537742
107550.67399999997,107503.91743288007,53.71104815863967,-12.403991783648962,-14.388156010952015,1.9841642273030526,0.04700638313990036,14.665621916042607,0,0,0,0,1,0.002838703416149041
88228.42,88274.3718352586,52.94723294723242,30.58469748715288,41.590485412231324,-11.005787925078444,0.06863415208901437,16.287244256213885,0,0,0,0,0,-0.0009256555972742148
87772.60800000001,87782.40087803142,55.24203356847387,42.610247534074006,38.376787285655155,4.233460248418851,0.048923734724131536,35.54471596218586,0,0,0,0,0,-0.0006511824882001303
88124.616,88131.77416456195,53.00718132854731,-10.45470072820899,-11.296939785276967,0.8422390570679763,0.03554950653783398,5.634273842326795,0,0,0,0,0,-0.0027956624872924433
89892.30200000001,89976.44068589891,68.4155572957444,107.32321166792826,91.10879560332654,16.21441606460172,0.11678586429534837,38.481651787749485,0,0,0,0,0,-0.0016063855769443936
90096.802,90108.8316534457,55.1933282789978,6.349429929847247,10.75142691278274,-4.4019969829354935,0.018294328155862488,6.7465438659284445,0,0,0,0,0,-0.0012302579459216123
91078.438,91096.97718057575,56.84885290148421,6.94432237946603,-1.4445652332166599,8.388887612682689,0.08053007678846409,9.727194167797595,0,0,0,0,0,-0.0004858191261397329
94145.98799999998,94104.27828178884,68.84797666788145,-31.939007400127593,-58.4476423075054,26.508634907377804,0.09495213294968922,22.55610354028065,0,0,0,0,0,-0.002452059167593913
92009.416,92013.49360173152,54.89385952414827,-10.041733811216545,-21.223286456119645,11.1815526449031,0.12381269430970067,8.275595897139349,0,0,0,-1,0,0.003681048771480773
91046.44399999999,91115.83833182834,32.76439089692202,36.079656009882456,82.44985436369542,-46.37019835381297,0.10410718813989037,20.211387052342477,0,0,0,0,1,0.000753755040599552
91099.95599999999,91092.01182835938,72.61444557477074,38.71561820234638,30.830743760654716,7.884874441691661,0.05749790553418424,0.1027140801809507,0,0,0,0,0,-0.00014136986301363483
106144.64999999998,106207.68200785086,62.900575184881205,92.01822625033674,103.50690770666795,-11.488681456331207,0.12030780780780703,38.73619649650383,0,0,0,0,0,0.0005451289573632775
90683.77399999996,90635.25092927883,52.6574616985064,-20.988709588345955,-29.338919258238295,8.35020966989234,0.18475355776921285,0.6116738690954292,0,0,0,1,0,0.00033417393199889223
90544.86799999999,90546.36331381553,34.021632251718,-5.7530820749816485,-2.4860229618772993,-3.267059113104349,0.013785506358930685,27.833665199900498,0,0,2,0,0,0.0006956879513261115
90841.55199999997,90831.62260290919,59.97258396161794,12.496421535499394,8.558639751127986,3.937781784371408,0.04384875207567691,5.021097427379706,0,0,0,0,0,0.0002140066231741455
91628.88,91667.27349259965,62.69396270700187,48.30046904114715,14.62243788508446,33.678031156062694,0.11848464829754886,18.229397724793284,0,0,0,0,0,-0.0014831870776503663
93554.14199999999,93614.56420578601,50.9211495946942,-10.907871015908313,-0.40441484639207675,-10.503456169516236,0.07926959936456197,3.9990802374071017,0,0,0,-1,0,-0.013099004027076346
96668.852,96732.19508375657,86.82743577314491,83.67704043517006,-1.0641753800397662,84.74121581520983,0.15486875654006724,40.867709407073576,0,0,0,-1,0,0.0009254323391869325
95857.45199999998,95869.86250017701,80.7796741660198,79.71889286591613,69.13110691711093,10.587785948805205,0.08167143448846428,23.573089070234516,0,0,0,1,0,-0.001296822888505652
95046.662,95066.48598390927,60.18636171114033,31.637668153533014,36.518180401431486,-4.880512247898473,0.04771410041389151,32.78687099350195,0,0,0,0,0,0.0007861058412904714
95377.58199999998,95375.65701126558,40.61990212071823,8.692089158648741,10.858136929930575,-2.166047771281834,0.017312550086214948,4.254051305466749,0,0,0,0,0,0.0011340907251558368
95359.61799999999,95333.4944260829,26.972248207049418,-34.2412992612808,-23.15914883102717,-11.08215043025363,0.06843677993878385,22.680863515030858,0,0,0,0,0,-0.00014253763098255874
104733.36199999998,104703.73810452125,57.682619647354215,-7.540379697064054,-28.28162216873251,20.741242471668457,0.0768953433505976,11.066423094042403,0,0,0,0,1,0.0014172126747234314
92994.57199999999,92992.89039109892,48.40818646958555,-18.324526320328005,-26.896430428361377,8.571904108033372,0.054910663392718294,29.07599594401034,0,0,0,0,1,0.0003721846810505425
89559.43400000002,89572.18549025591,82.53303254914516,68.563796403163,36.7324495240092,31.8313468791538,0.11210944132724512,37.29182799418973,0,0,0,0,0,-0.00030948337504465824
88229.14000000001,88302.36141073037,33.18546683565653,-108.51686936052283,-124.45979302286611,15.942923662343276,0.12973617035656257,29.59817730832229,0,0,0,-1,0,0.0032038165562030805
89453.66399999999,89531.77144077179,31.187034603591087,25.22517122728459,54.57560149373441,-29.35043026644982,0.0992230850000485,22.975340222429242,0,0,0,0,0,-0.0006145421493080941
90577.75199999998,90573.95927875073,47.42575734964922,76.07077701654634,101.91037004214984,-25.83959302560349,0.09947269478069276,17.01323911847301,1,0,2,1,0,-0.003306037616352454
89353.55200000005,89356.27631755981,32.73408239700157,1.914419632361387,9.95672462204109,-8.042304989679703,0.01981706585916806,1.352854992801856,0,0,0,0,0,-0.0007519739315703396
87309.65400000001,87239.7607441979,58.25206764596983,66.23786426897277,57.261186042470705,8.976678226502067,0.16855536136429794,18.929518931603802,0,0,0,1,1,0.0022119563769775878
88205.45800000001,88149.2226616053,46.54213920391316,-26.696845208556624,-8.16687977988881,-18.529965428667815,0.13711898834204359,28.834896105527363,0,0,0,0,0,0.0010641841766273529
87965.398,87953.1402816551,49.09126827340865,-36.86157535492384,-59.23573589604025,22.374160541116403,0.09069414167418947,2.5283598330572405,0,0,0,-1,0,0.0003442780869800878
89498.386,89543.45466974711,61.70886075949439,60.458615288021974,64.86813410493131,-4.40951881690934,0.09927913709265737,33.006731016516305,0,0,0,1,1,0.002285855288984633
104511.20199999999,104515.94727715394,70.37444933920966,6.455617672356311,1.3699575565309108,5.085660115825401,0.027795558067571106,26.654110940219294,0,0,0,0,0,0.0004219228034001736
83705.644,83784.95964541544,38.539572290257766,-6.348221377804293,21.338077437863426,-27.68629881566772,0.23538205841187715,5.450292159425804,0,0,0,-1,1,0.0005616599540008643
83309.528,83103.14211852863,48.728006275916336,-279.3430711761612,-360.1911947721803,80.84812359601915,0.2463849158488205,35.900007552104825,0,0,0,-1,1,0.0035403163651480996
77965.66600000001,77963.8626983708,75.31318399851003,167.3016966190189,137.51357027893312,29.788126340085796,0.3698471070977084,3.463934743493128,0,0,0,1,0,-0.0019941020596773392
77917.19599999998,77925.4156779093,49.46391752577348,67.47180573227524,74.25575574950037,-6.7839500172251235,0.11411851356658868,2.056747049548948,0,0,0,1,0,-0.0019495920973754246
78549.61599999998,78536.28440772108,44.98502994012044,-19.196518519282108,8.34254887797902,-27.539067397261128,0.20040561179354408,7.534095132905325,0,0,0,1,1,-0.0030401129548244302
73684.90000000001,73947.64632825306,49.033657638705996,124.6280675137823,139.04667046212288,-14.418602948340578,0.3234312772689555,4.703877598560931,0,0,0,-1,0,0.003947169065577627
73613.59,73557.94303754262,23.100548814259184,-140.1754238534777,-53.03667255317527,-87.13875130030243,0.4193185955256775,16.594798382810954,0,0,0,0,0,-0.011512325770727323
65892.75000000001,65759.61873514167,50.463860426474476,-31.630806978821056,-59.852791898709256,28.2219849198882,0.38119562337385704,8.9601688116683,0,0,0,1,0,0.015315125016080573
69876.42400000001,69876.23991186733,19.798439531859884,-151.0940581744071,-108.93687233261234,-42.15718584179477,0.31746579975189976,11.94597614969104,0,0,0,-1,0,-0.005152304382289662
69420.14600000001,69402.96072287232,41.42493020997686,-52.350529402901884,-20.930806156749085,-31.4197232461528,0.17500210976427527,17.392891895543734,0,0,0,0,0,-0.001946746686786847
104671.26600000002,104672.44814861649,89.09646739130463,31.919155089126434,-8.271800604713563,40.190955693839996,0.07831063846956712,36.86326606763296,0,0,0,-1,0,-0.0027971047976880254
71197.34599999999,71170.03606345039,32.690794649881454,-79.42963949777186,-38.433780884197205,-40.995858613574654,0.18148140465116663,28.17458292149618,0,0,0,0,0,-0.0012518576749318971
70350.216,70374.25177778516,39.13463603177975,-55.79845155971998,-21.768467833106925,-34.029983726613054,0.21418053497945894,30.099799200185213,0,0,0,-1,0,-0.00874329349646578
68864.032,68892.42636879299,49.19769188206456,20.315335392035195,20.678432765342425,-0.36309737330723024,0.24998659492171857,6.515048060990912,0,0,0,0,1,-0.001608035805402926
67141.71200000001,67097.30591781916,35.56917688266064,-83.71737852759543,-97.02469977065145,13.307321243056023,0.1578175874527436,3.8481387186931544,0,0,0,-1,0,0.006324321520919352
65445.97200000001,65456.77786560131,51.512924170035774,-45.854575295241375,-75.43409596444124,29.579520669199866,0.26447064513334134,14.41574196358914,0,0,0,-1,0,-6.387822984317349e-05
69107.04000000002,69098.04991199682,42.027716994893524,-30.580293963706936,-19.69980688921512,-10.880487074491814,0.1382419072004095,14.158644131810854,0,0,0,1,0,-5.230893073267767e-05
69735.84599999999,69738.55900034135,46.099290780142205,-4.613945737291942,-5.428124783955152,0.8141790466632095,0.07835050616865483,13.521150156998823,0,0,0,0,0,-0.0003607157631358745
68422.80600000001,68475.57673556602,53.47273171924692,47.752283344292664,38.20643039092991,9.545852953362754,0.17223254512994107,20.668988960048253,0,0,0,0,0,-0.004059045406491988
67951.962,67986.79719787861,73.7096774193535,51.03698737284867,40.28254524099207,10.7544421318566,0.0983629983313186,50.8346235037569,0,0,0,0,0,-0.0021396952829045687
67923.24799999999,67856.42917304415,25.853837679029454,-73.30903308217239,-63.77344346246132,-9.535589619711068,0.13937859635987504,43.26208325654852,0,0,0,0,0,-0.0010886559388696884
104333.99999999996,104367.22859848289,86.02885345482252,83.9838747196045,46.610233998791145,37.373640720813356,0.07456428415830335,63.9783352320052,0,0,0,0,0,-0.008947976222028727
66528.75200000001,66562.06868923231,54.387852702055966,101.53937572159339,104.89388659176055,-3.354510870167161,0.17184476849519176,9.954451296361206,0,1,1,1,0,0.0019610209376697036
66927.578,66898.25655432067,52.71451081506893,-18.71416211713222,-37.071854927827694,18.357692810695475,0.14499412330377331,8.62628570013431,0,0,0,0,0,0.002721245332922151
67768.574,67735.46558177,34.98569092395746,-50.982944931223756,-19.06383575744985,-31.919109173773904,0.248178021232559,32.906301704446015,0,0,0,0,0,-0.0009042538283275274
68540.15000000002,68522.49673383826,38.10454323399712,-22.80653637072828,-19.93969198838911,-2.8668443823391705,0.046121043902515986,6.332055705487076,0,0,0,0,0,0.0006814594663512902
67368.902,67355.50126164596,51.27521888085229,-12.782489820645424,-20.86766079701677,8.085170976371348,0.05740399068555395,21.98674687073361,0,0,0,0,0,-0.00015542430836182778
64767.1,64741.86719822137,36.32847750418968,-3.1089726464415435,33.10448312638133,-36.213455772822876,0.17755909793756813,4.502151125402441,0,0,0,1,0,-0.004662482190303779
64392.801999999996,64354.96504243826,34.78531425015484,-37.89197889847128,-29.57961708305811,-8.312361815413169,0.08532937494592577,26.517629380936885,0,0,0,0,0,-0.001355956534493435
69229.77000000003,69231.42122853472,30.735443180539022,-23.343112900824053,21.073418421332867,-44.41653132215692,0.24287986240808562,17.30742655795942,0,0,0,1,0,0.001925369428444151
67268.826,67215.69093310769,32.63454317897404,-125.58246341606718,-83.76813378682063,-41.81432962924656,0.21754140693806578,13.014963450688036,0,0,0,-1,0,0.0011987183962427032
65393.046,65434.705244962024,34.5037008920099,16.904480138073268,50.54324646691465,-33.638766328841385,0.13434351204426156,20.80912291726702,0,1,1,0,0,0.0014449829611152725
96410.42599999998,96410.14582334534,38.207128048178376,18.81872804480372,65.34819225697396,-46.52946421217024,0.1646630965343034,11.78979605972029,0,0,0,0,0,0.0025827942205599677
105893.91799999998,105873.88193752315,25.235478806908233,-66.72519561277295,-67.93451061293955,1.2093150001665975,0.06956887304914278,12.773914846641048,0,0,0,0,0,-0.0016635693445498402
65642.856,65620.35284814281,20.20802377414475,-145.7064076177121,-112.52207746976234,-33.184330147949765,0.19470865049567065,41.985384006423416,0,0,0,-1,0,-0.0016304688643158994
66298.38399999999,66269.72357717711,52.73833671399647,21.58031684141315,22.35358817351678,-0.7732713321036293,0.10755162434918006,11.776417680295959,0,0,0,1,0,-0.006787025268034474
68946.09799999998,68998.6862542382,53.702272375946244,37.12778681734926,53.31978444158287,-16.191997624233608,0.15882117966021173,0.8528675222297644,0,0,0,0,0,0.003036481089494655
68601.94399999999,68605.08977031923,36.829836829836374,-38.04829820030136,-3.8145946525215146,-34.23370354777985,0.22463211500096716,11.287251005503135,0,0,0,1,0,-0.004210153019205843
73484.86399999999,73423.45507235582,54.19039869812876,-45.321224085695576,-83.16421033316227,37.8429862474667,0.12353633649735529,1.4210872041696483,0,0,0,0,0,-0.0004258246257658243
70983.16599999998,70944.43276222578,29.69837587006961,-48.32340002033743,-29.805444068760455,-18.517955951576976,0.12641215591727628,4.276241407916391,0,0,0,-1,0,0.0001011328281373593
68296.26,68294.93999505257,46.014877789585796,1.023010018558125,17.263644224011742,-16.240634205453617,0.12258786142878324,13.83112152081505,0,0,0,1,0,-0.000836280820463335
67541.128,67512.9036573774,57.72212283840282,14.1723498183419,4.257084003636717,9.915265814705183,0.08120449351959612,18.21102913027954,0,0,0,1,0,0.0001962174624622183
66842.66200000001,66896.38270095557,73.35623159960736,25.169935159778106,17.855376632906783,7.314558526871323,0.07437419941845162,21.04776266436414,0,0,0,-1,1,0.019533277818289303
68447.938,68539.24265091424,54.44697833523279,18.954425745352637,23.10114865027006,-4.1467229049174215,0.1109466453748011,22.837713716288235,1,0,0,-1,0,0.000831395348837167
104988.59799999997,105011.62211211308,56.89277899344053,32.22538094308402,35.01421362286945,-2.788832679785429,0.02198647047077491,32.3560011337499,0,0,0,1,0,0.0008988352354862163
70081.58400000002,70132.73762064209,68.62551033032285,86.7976404872752,79.23857138306387,7.559069104211332,0.21774719316365876,10.328767049993745,0,0,0,0,0,-0.0012171544135483484
70563.994,70588.88335411937,67.30126061229753,45.56992882111808,32.270162238328744,13.299766582789339,0.1751430819491623,20.946806109153545,0,0,0,0,0,-0.00013318428028765225
69890.63200000001,69961.57815268062,57.771260997067444,29.82968198558956,26.559867761041257,3.269814224548302,0.11271575288593536,10.085579021132787,0,0,0,-1,0,0.0007861635220127444
71120.08,71131.94592169717,32.412344482144576,-15.879108893423108,21.36131263767796,-37.24042153110106,0.12606699554583758,24.745133697167486,0,0,1,0,0,0.007531839332089243
70610.352,70610.87042120562,41.14441416893663,-9.64075911421969,-4.780387915999098,-4.860371198220593,0.030134323976877247,17.184807305367716,0,0,0,0,0,-0.0003649170450206208
71509.81000000001,71572.83827949881,49.372496662216705,55.18055297709361,75.66975318509503,-20.48920020800142,0.07284094845092622,14.716951779650131,0,0,0,0,0,0.0027810223037988764
74074.42600000002,74110.50690581402,60.517241379310875,37.98525015400082,48.61370347628448,-10.628453322283654,0.14108841116831303,18.595232281317845,0,0,0,0,0,-0.0018138188058021143
74621.412,74578.19190633304,21.247113163970354,-67.20322952129936,-39.88776458887959,-27.315464932419772,0.10717782104934502,30.016168035013425,0,0,0,0,0,0.004493110474337026
71387.352,71431.21133932465,53.827593770563865,77.5153245939,85.44620080392957,-7.930876210029567,0.20290405556750266,15.362384790340164,0,0,0,1,0,0.003744991425940683
69804.58799999999,69794.6168662813,56.68238993710681,-37.59215098408458,-57.6621316243723,20.069980640287717,0.08991476396118875,4.328909135248602,0,0,0,-1,0,9.660669001332477e-05
102981.976,102911.38304256635,55.76868829337127,85.29063701679115,103.06174642773759,-17.771109410946437,0.10339842147384964,4.653875536298077,0,0,0,1,0,0.0012480437605216722
69725.016,69725.842307481,59.25809985913299,-2.94264477591787,-34.54403874788679,31.601393971968918,0.14782127803924278,9.823786577491292,0,0,0,-1,0,-0.003929903753418609
70392.18599999999,70391.20171170954,33.15621679064823,-5.661382196092745,0.285302588559312,-5.946684784652057,0.042620416884502875,22.03552516840452,0,0,0,0,1,0.0006532301447923572
68504.868,68499.9547630048,69.63650730936429,53.14724401044077,33.351799158195114,19.79544485224566,0.11302199850857508,31.326089876290208,0,0,0,1,0,-0.005777793431777381
70991.87999999999,70972.17555068867,41.71037628278171,-27.466043775784783,-7.28190218751681,-20.184141588267973,0.12170163986062214,7.778695074004061,0,0,0,0,0,0.00343276314075886
69494.93800000001,69487.53475926533,30.450258053034915,-27.055390796711436,-4.43263797384538,-22.622752822866055,0.12989725512952685,8.921976485431154,0,1,1,-1,0,-0.0007847329633335953
70850.63199999997,70868.33820821732,78.75368007850798,36.065430763104814,18.855694337736672,17.209736425368142,0.08644316839458627,49.83844475456191,0,0,0,0,0,-9.01058180201602e-05
68344.684,68329.87506830366,24.77493698235638,-54.64259726990713,-48.790510108046064,-5.852087161861064,0.09314792620101804,20.478386488203824,0,0,0,-1,0,0.0034970988487077375
65770.082,65786.11629800539,36.117082851000575,-31.192255280388054,-15.013738687413731,-16.178516592974322,0.13540202805778284,33.78772905287176,0,0,0,-1,0,0.002728568828489871
66863.70800000001,66860.95744268927,49.940781681799656,0.3795332364825299,-2.905944345813219,3.2854775822957487,0.052960138469717796,19.901955477884375,0,0,0,0,0,0.0003476150163693273
66398.698,66397.80669053108,29.67157417893027,-9.949312663506134,-6.397514082155087,-3.551798581351047,0.051527752666784374,28.845757419698387,0,0,0,0,0,0.00496216930179807
104513.25000000001,104495.39431722925,24.120840217136845,-18.193096654271358,16.811176293681555,-35.00427294795291,0.06390937125873168,10.21677523919029,0,0,0,0,0,0.0013994814532738058
66584.66399999999,66598.33954087622,39.918382489333105,8.304185336121009,28.031714280726092,-19.727528944605083,0.13089322532362624,34.30127979323756,1,0,0,0,0,0.00023647526139479032
67809.7,67784.25163489448,41.73819742489382,-38.24273459870892,-34.091019698942546,-4.151714899766375,0.12881791242747248,14.345316317424134,0,0,0,-1,1,-6.0179422747320116e-05
68103.994,68105.27327272705,32.47721623860649,-10.030814517114777,-4.481614003674218,-5.549200513440559,0.09399131167812523,12.064332704261103,0,0,0,0,0,0.0012475280327319373
66842.052,66789.8446226376,33.88685617787732,-58.264942110399716,-66.79799949360313,8.533057383203413,0.07189443277468374,15.855793355889311,0,0,0,0,1,-0.0008617207486199875
66802.33200000002,66819.75830348962,70.7158351409969,17.655893859642674,18.367987185569493,-0.7120933259268192,0.03888511536309057,24.198306931886098,0,0,0,0,0,0.0006774297746088391
67298.102,67290.78989769085,66.46971935007318,7.515128302766243,-2.267891745957766,9.783020048724008,0.027053062194462622,38.119102186197935,0,0,0,0,0,-0.0010921842051761707
67363.67199999998,67361.60342590406,24.275222265170513,-29.78992491659301,-12.105299201152068,-17.68462571544094,0.05789829609944713,30.72711346790537,0,0,0,0,1,0.0025265165411826034
69741.97800000003,69764.341684862,49.74226804123615,16.803852132463362,17.922424162385546,-1.1185720299221842,0.11078668690942423,1.9183377309536862,0,0,0,0,0,0.0021715166276130345
68469.948,68549.44048437591,66.21131865068224,43.06395405107469,53.694728403832414,-10.630774352757726,0.08384092215851704,16.45510554067544,0,0,0,-1,0,-0.0049185454752224715
71255.75200000001,71307.58844510246,46.559222307496476,36.632036389564746,67.59107547884439,-30.959039089279642,0.1093345525210196,22.676801043671095,0,0,0,0,0,0.003259832800314119
105615.62000000004,105636.19509073894,67.51300728407894,29.013692778360564,8.765162545217512,20.24853023314305,0.07384103616292355,47.00560190880422,0,0,0,0,0,-0.0006229975921473392
71877.17799999999,71870.76398021613,46.29662680706756,-4.17474207378109,-5.450836595940119,1.2760945221590294,0.12074132667839932,20.504227543630854,0,0,0,-1,1,-0.004362605452568708
73008.61200000001,72974.84893599414,37.131474103585994,-20.340558886615327,-22.362892846533214,2.022333959917887,0.064802378720749,31.807696972493595,0,0,0,0,0,-6.0260517172312634e-05
73464.10600000001,73422.28492531223,31.00230541223094,-91.82993908028584,-67.41975920571228,-24.410179874573558,0.18428211472828226,8.295737703110685,0,0,0,0,0,0.0011258605813855617
71102.61399999999,71093.13961502738,32.09745762712123,-13.491580387199065,-4.828719086712226,-8.662861300486838,0.03881501313638434,6.856404931608457,0,0,0,0,0,0.00758519557615116
72288.24799999999,72341.53684258086,27.239761092150218,-72.81226056849118,-48.30921492074008,-24.5030456477511,0.09474045259706129,48.54025022820415,0,0,0,-1,0,-0.013463827928342205
74202.74799999999,74241.7411876775,74.62585034013655,105.94989417224133,85.70788402943354,20.242010142807786,0.118992343618137,36.99106355562032,0,0,0,0,0,-0.00044453512300373575
74347.87200000002,74347.64558240151,50.033311125914764,-43.962787456213846,-46.80385229809164,2.8410648418777953,0.09108330984038941,16.93252807350557,0,0,0,-1,0,-0.002883721923762937
74674.07799999998,74627.70072937015,16.7657887284024,-111.71835496384301,-114.58705975574169,2.868704791898679,0.09246849447755956,42.117428835622356,0,0,0,-1,0,0.0012587121050157625
77190.57599999999,77226.2702371244,40.442370129871044,-3.6113921304495307,0.8673186584233513,-4.478710788872882,0.0950453594891676,4.925867278955841,0,0,0,0,1,0.0005509570615624136
75611.67000000003,75598.50202470538,67.94576618060883,9.153555741955643,-5.788426708153565,14.941982450109208,0.08823237830871557,22.934687146117476,0,0,0,0,0,0.0006607944070361389
106232.79400000002,106226.21037133092,40.58341862845413,-6.268308988612262,-1.426106644178314,-4.8422023444339475,0.028983916314308467,0.7770928680413388,0,0,0,0,1,0.0036387022685934844
74759.002,74754.02340197009,54.87540628385683,9.407227219024207,-7.326975543459412,16.73420276248362,0.09352276271611822,13.55089497555833,0,0,0,0,0,0.012280789665068181
76219.41399999999,76153.2434382222,47.88048552754457,-39.6994186326192,-58.08532407049077,18.38590543787157,0.09914780392449235,9.836577587263228,1,0,0,0,0,-0.000965542132807335
75524.45199999999,75479.64116975716,45.184824902722816,-24.679657366446918,-9.510066875801487,-15.169590490645431,0.09068174713688826,6.8252791791808765,0,0,0,0,0,0.0015779904179218593
78888.29,78893.78679034457,42.690909090910004,-14.72752862679772,-15.164043578248108,0.43651495145038766,0.06074920519035547,5.089353316597513,0,0,0,1,0,0.002278516138640706
77818.22400000002,77859.58450518381,33.51943311144555,4.066824875349994,33.32558853416898,-29.258763658818985,0.10125907716609565,8.325520384042937,0,0,0,0,0,-0.0017653301449003745
77545.28800000003,77532.30897678091,48.03149606299208,-17.403535805060528,-13.545486938931086,-3.858048866129442,0.06726484264469657,9.52346072156125,0,0,0,0,0,-0.00023091411027108773
77280.01400000002,77284.30397359298,32.92884721456474,-1.8142560036794748,9.546680958918943,-11.360936962598418,0.03395060187427266,15.814086287872312,0,0,0,0,0,-0.0007096710094231407
78193.004,78169.35553142909,52.26463104325906,-16.616186294471845,-21.927060906893328,5.3108746124214825,0.03880864676762827,1.939003175429753,0,0,0,0,0,-0.0092094198408994
76755.22799999999,76731.53676808439,38.66869918698972,-28.121653443638934,-25.595022506392624,-2.52663093724631,0.04257313559669153,20.238940757306374,0,0,0,0,0,-0.00019261052330200694
76148.31,76163.30690184205,52.90120230005353,9.9922687933431,10.559503433959131,-0.5672346406160305,0.04239070446205917,17.204355036119416,0,0,0,0,0,-0.00038399941286100417
108394.26999999995,108404.89303164059,68.17528735632075,13.860576041653985,6.264644444743883,7.595931596910102,0.05043103153029574,2.60857626893018,0,0,0,-1,0,-0.001392427267943153
75320.26399999998,75284.824189925,47.92891843518323,-53.08714384048653,-70.70319777021359,17.61605392972706,0.17598031465200567,10.069856381847426,0,1,1,-1,0,0.0008237938011164054
76320.912,76313.08366180719,55.63352826510671,-16.1160573517991,-28.71415589767437,12.59809854587527,0.06192904046030916,28.105354936499268,0,0,0,0,0,-0.0006076074018106272
78434.954,78430.34971612059,61.79087875417199,28.100555196753703,24.408620573310245,3.6919346234434585,0.06894317760989072,25.020343584084415,0,0,0,1,0,-0.00360809939822463
78403.77999999998,78395.50656777903,33.073101490420825,-16.442348077747738,-8.486497514960421,-7.955850562787317,0.0251203726313221,29.060035356950358,0,0,2,0,0,0.0018790607495123867
78685.15,78687.7973549095,68.06148590947717,4.5817241439945064,-3.298220436340974,7.879944580335481,0.02357321675922384,10.687374951878645,0,0,0,0,0,-0.0037520624946971995
109142.47600000004,109120.22914581365,37.20065101139134,-94.97238171365461,-116.76390378011598,21.79152206646137,0.04680658728073403,34.04979809089411,0,0,0,-1,0,-0.0011194865288454362
108711.22799999999,108684.01122946874,37.5423843754236,-61.30432242296229,-46.647765552655784,-14.656556870306503,0.11613353725547507,1.705285638831018,0,0,0,0,0,0.004421827546875534
107594.524,107619.429340194,50.83349676407135,58.149328851286555,82.17533717178837,-24.026008320501816,0.08182609823823148,13.676796076328543,0,0,0,1,0,0.0007728741007906547
101252.30199999997,101275.16948670558,38.82998864066666,-9.892314552969765,16.936749449790415,-26.82906400276018,0.07458987215060153,2.0949910515204175,0,0,0,-1,0,0.004638217118388456
104949.42000000001,104906.79984747022,64.36957631444615,-7.794274798972765,-52.84980623944365,45.05553144047089,0.13254793465414139,30.432030688514335,0,0,0,-1,0,0.0004649101710224735
104633.70199999998,104590.46927571589,75.55970149253332,0.17774970502068754,-40.52151779181764,40.699267496838324,0.06872412517910123,3.0832157013965737,0,0,0,0,0,-0.001784194935390434
105473.27400000002,105452.45328441433,52.67295597484156,9.133201176358853,6.431056045320777,2.7021451310380753,0.02598020602161165,0.8556713333131469,0,0,0,1,0,-0.00509089941124295
108180.72599999998,108161.24680741057,38.4107521810901,-44.09604520868743,-50.376476572571036,6.280431363883608,0.055530218322270626,35.25377753328045,0,0,0,-1,1,-0.0005884102517824427
104205.33600000001,104145.02987154832,37.412470823607,-150.7401290331618,-145.91650522739576,-4.823623805766033,0.09843686308747568,21.870536153605816,0,0,0,-1,0,-0.0014297360244736332
104093.75000000001,104178.60802471881,47.32811719660425,26.721332960296422,74.7852214791314,-48.06388851883497,0.20682781781070983,1.2635366862871855,0,0,0,0,0,-0.0017443743688433
104354.88399999999,104366.33596969917,60.762942779291386,36.51065700648178,35.25927432055242,1.2513826859293573,0.043666808233296335,16.160662192559165,0,0,0,0,0,-0.0015744956588905406
103158.66,103177.66838559635,51.10453991998587,-18.623238810672774,-1.485903536351139,-17.137335274321636,0.09683584631067342,14.300445667888761,0,0,0,0,1,0.004291749796900592
102907.24799999999,102964.25480829485,27.34163508392031,74.36686578298395,103.67163893968488,-29.304773156700932,0.05065242259146619,11.516045004014954,0,1,1,1,0,-0.003177270492020478
99411.896,99386.70130634887,42.7348871085208,10.497441636864096,-3.447415367937841,13.944857004801937,0.08596188927172337,6.844646087187195,0,0,0,1,0,-0.008910692531720122
103209.88399999999,103184.28885055632,27.387078330475163,-24.12474728235975,-9.143655890539069,-14.98109139182068,0.05149543861923694,36.16387056746743,0,0,0,0,0,-0.0010200106663972542
102971.12599999999,102941.24955127391,45.875163683980794,-59.19164118920162,-18.518670735350398,-40.67297045385122,0.17422584918699363,2.2783905294348172,0,0,0,-1,0,-0.01972225662474383
105586.864,105633.68492009635,54.48168355417032,49.91023118067824,42.06649757318438,7.84373360749386,0.05459942976779428,27.618548623750254,0,0,0,0,0,0.002066525873168684
107382.47,107389.40066230569,56.005830903790596,-2.3803184263815638,-21.65765259590343,19.277334169521865,0.09104320331589708,2.622666140201767,0,0,0,0,0,0.0012879788331583873
107280.414,107286.5419127874,56.54388714733398,-11.343415597759304,-26.784165010119775,15.440749412360471,0.06566374727156002,31.401916178947765,0,0,0,0,0,-0.0023530927161466947
106594.228,106600.42524845921,81.78519593613981,32.283629057201324,-0.40827270544185823,32.691901762643184,0.07963790611786135,32.3632320312596,0,0,0,-1,0,-0.00037715592690264595
107258.466,107261.0892056806,69.46596004892292,27.011497358442284,11.245265723497141,15.766231634945143,0.030221740543362047,66.14923995204933,0,0,0,0,0,-0.0005128214691309447
107549.63199999995,107536.51813007641,55.333749220215275,-3.8758916788647184,-3.8964603465590497,0.0205686676943313,0.017821092175894497,22.63038792121728,0,0,0,0,0,-0.0025197273616072336
107216.47200000001,107237.64868867488,58.79203255515173,3.114383296982851,-16.33087316375491,19.44525646073776,0.057909945805082116,5.901794037802835,0,1,1,0,0,0.0002760823173007154
105716.42599999999,105745.23904439993,61.34653465346527,24.349547842066386,33.76446724457654,-9.41491940251015,0.042956253987928815,23.028320745333055,0,0,0,0,1,0.0006906724216394292
109344.57200000001,109331.79608435568,45.52966101694905,-21.954844937776215,-28.236252937228226,6.281407999452011,0.06615003649431571,8.701824068025484,0,0,0,0,0,2.746538446045168e-05
103126.53400000003,103134.96024878921,57.35120220733008,7.046083992405329,-4.865297354301826,11.911381346707156,0.08111238897702854,20.911636037259676,0,0,0,0,0,-0.0007789131700028386
109593.58800000003,109585.89596752441,41.62172214989803,-19.944864061297267,-26.9038864379836,6.959022376686335,0.06479029044656638,32.832230492978255,0,0,0,0,0,0.0007615236309446723
107579.01399999998,107595.6859235907,33.20340184266409,7.8925260792602785,26.9432139582932,-19.05068787903292,0.040349125136182745,0.45294798382701523,0,0,0,0,0,-0.0017394556494354288
107933.85,107943.2528618236,38.680465717982315,-9.145097276661545,-8.077176727639097,-1.067920549022448,0.01759984686346068,11.046903884229083,0,0,0,0,0,-0.00014525672043629837
108458.15999999997,108462.73680646796,59.34272300469552,30.23272955257562,25.895088897940393,4.337640654635226,0.06843790787756229,24.686665594121703,0,0,0,0,1,-0.002075425100844203
107812.556,107761.47612057507,58.13673929376449,-68.2032954198221,-103.46752133191006,35.264225912087966,0.09034199106880986,28.082285624525582,0,0,0,0,0,0.00048609535802080487
108994.05400000005,108967.04282598857,44.1699604743087,-5.679861072887434,-3.0423897071434314,-2.6374713657440023,0.0585707990599293,13.239476136648252,0,0,0,0,0,0.000965993534920582
109467.97800000003,109609.07616391257,65.04996344138371,-3.836445594599354,-18.856795343195294,15.02034974859594,0.04259993863417143,11.900599058247163,0,0,0,-1,0,-0.0005878455505583444
113286.90399999998,113218.94351555067,53.406903631463685,-22.10453559095913,-35.44181782062515,13.337282229666016,0.10144853789480705,2.5912283309033457,0,0,0,-1,0,0.00127661006942384
117554.83599999994,117560.96802336094,45.715764949520214,-58.33019151270855,-57.14268163021997,-1.187509882488584,0.060719744591454156,6.626216102372279,0,0,0,0,0,0.002086173984183281
117421.94999999998,117406.89385553321,54.39948619139285,-7.261105575118563,-7.845356369229396,0.584250794110833,0.01941435354888994,17.17724063343483,0,0,0,0,0,0.0005776805699100242
104403.49,104298.12602592759,23.447159258167957,-162.91251427184034,-172.9029986690746,9.990484397234269,0.10550917554726091,31.863800344808705,0,0,0,0,0,0.0023662974523537975
118922.202,118933.74461807846,55.42581034829806,4.225971258696518,0.37956836694340584,3.846402891753112,0.057356587799205196,0.23355391743200976,0,0,0,0,0,0.0025367143806541647
119886.21599999997,119925.78359229246,71.23400065638326,87.63531815529859,82.48190363173813,5.153414523560457,0.07692384497744219,32.47799103710178,0,0,0,0,0,-0.0014221981074530065
116757.46999999996,116698.12792767769,72.67943590823003,60.8462333229254,-22.616219340505065,83.46245266343047,0.19777153467486433,29.95037687512916,0,0,0,0,0,-0.000809006427815579
119495.91199999997,119436.73353974875,15.14968249168247,-107.53702714908286,-44.78490823753883,-62.75211891154403,0.09875498077855155,43.1395915059462,0,0,0,0,0,0.001767876476759623
119741.604,119709.5330950436,33.71707657421976,-8.779572505052784,15.883088072010045,-24.66266057706283,0.0770484949832762,45.008587850853,0,0,0,0,0,0.0027562964823534992
117488.03799999997,117552.30322180054,47.77468706536848,32.877668099841685,40.211649490541376,-7.333981390699691,0.0809136787918295,4.489964732602015,0,0,0,0,0,-0.0010183377099527106
117884.446,117923.17067226146,33.26471799094277,11.142400817712769,22.73607387410205,-11.593673056389282,0.027512707140161494,7.385807076639065,0,0,0,0,0,-0.0017256123503570293
118370.45799999997,118322.5944011546,47.921806794458675,-42.24637063324917,-57.00186208673727,14.755491453488098,0.04674169425590774,21.04804503584355,0,0,0,0,0,0.006483375959079284
117498.22600000001,117554.67990088387,66.70413388285226,162.70108865121438,144.69473344418736,18.006355207027013,0.09924024618024832,39.33400365301582,0,0,0,1,1,0.0002667589385551289
119619.13200000001,119530.01287124408,66.8666791674487,-24.50936193324742,-56.70525544293923,32.195893509691814,0.0727019616498056,20.27365721003281,0,0,0,0,0,-0.003130782695673967
101497.50999999998,101490.81663485279,65.92370884544385,83.05977621862257,6.709469850574452,76.35030636804812,0.21305022651194172,35.26443957847294,0,0,0,-1,0,-0.0022302102922744154
118315.10200000001,118285.4206556481,48.92997774353702,-25.408143401829875,-34.49582028707826,9.087676885248385,0.07352810600224273,6.019158777441823,0,0,0,0,1,-0.004031359332153615
119148.548,119141.1465031959,57.209451856614564,43.90440846887941,23.894526615921578,20.009881852957832,0.07975645347959595,10.342309234732488,0,0,0,0,0,0.0012662919005437456
116484.74,116484.52475885596,41.469754253307826,-37.15282568190014,-40.240006817908984,3.0871811360088444,0.04737446166640025,19.773739526547555,0,0,0,-1,0,0.00040617488217946807
118071.01200000005,118067.70050184728,36.898395721924295,-9.700929645143333,-13.86828382432092,4.167354179177588,0.013711083153785789,19.622144322739963,0,0,0,0,0,-0.0021611462279751284
119050.00399999997,119082.23710300251,80.39427491223267,63.238584731778246,43.21573680590276,20.02284792587549,0.05121864684551506,33.04765126332724,0,0,0,0,0,-0.0048752379997996035
117788.75400000002,117716.52859795147,36.578707916286824,-70.7899401900795,-96.53132566715551,25.741385477076008,0.06459406711513022,15.303162241761001,0,0,0,0,0,0.0020128238131367627
117700.16200000001,117689.53358106218,33.55834136933436,-9.435159434287925,15.355235778442067,-24.79039521272999,0.07778572048377913,43.959457948835414,0,0,0,0,0,-0.0025571447031060035
116855.17,117103.7559458915,70.7808107372814,234.8619313648378,267.2462994448805,-32.38436808004269,0.12954355134288797,32.4832002494616,0,0,0,0,0,-0.0012330014632300017
117701.57000000002,117668.57908168653,42.77978339350174,36.0549550740252,60.933157526449776,-24.878202452424574,0.07229116472050502,12.374547819620778,0,0,0,1,1,0.004432246986468145
113961.20800000001,113974.92765042074,45.233487589398216,66.27395195009012,77.13804351283437,-10.86409156274425,0.15505248469634458,13.851426882487052,0,0,0,1,0,0.0028786681010121995
104213.18800000004,104258.17845552228,68.67841409691714,29.868517341528786,8.24253050964358,21.625986831885207,0.07012845560704198,4.396217342090862,0,0,0,0,0,0.0005848003756549637
112280.81,112344.55094559981,55.92438911941021,9.532219674816588,3.6463467702528254,5.8858729045637626,0.10350420514016549,30.429228160467364,0,0,0,0,0,0.0034822214778160027
114279.36199999998,114279.33607011767,56.895296344838656,-0.585916839670972,-29.875630267053364,29.28971342738239,0.08287582617933167,3.713695195225704,0,0,0,0,0,0.0024089306698002093
115003.924,115027.9626215684,75.16233766233869,62.374971819939674,57.908871954837295,4.466099865102379,0.05435234053526479,24.35950383744001,0,0,0,0,0,0.0007043170903280661
113494.972,113462.39385968687,50.130639261452714,-25.177107024603174,-24.23303007035995,-0.9440769542432257,0.07992428265640973,7.83922468369995,0,0,0,0,1,-0.0013651427114740808
115376.964,115372.41147496247,64.05458089668628,20.690539810879272,28.10299256406304,-7.412452753183768,0.05698933485304966,4.56658882638222,0,0,0,0,1,-0.0013055511129344921
116366.98200000003,116385.12591164111,48.92836999435904,-22.653451109465095,-38.88618977204088,16.232738662575784,0.049340146955122545,13.407604425221953,0,0,0,-1,1,-0.0033167622950121683
116474.95000000001,116482.25918496006,82.15128164805623,59.21152857977722,40.72078121468884,18.49074736508838,0.0937045770488904,36.94408470956023,0,0,2,0,0,8.471704506941816e-05
116573.51599999997,116569.77934003485,68.7969924811989,15.000760842041927,11.590616236651032,3.4101446053908955,0.013437671071534811,62.45523591562829,0,0,0,0,0,-0.0020313235229835257
118512.80200000001,118503.6631163985,27.918502202639374,-25.93171411905496,-20.465430428015274,-5.466283691039685,0.022862749085459357,36.40495187596413,0,0,0,0,0,-0.004327747324194709
119669.51399999998,119613.2727888347,34.79283517278793,-17.756625326393987,4.482620596905083,-22.23924592329907,0.06597448190627445,2.3201559501835987,0,0,0,1,0,0.002068214742728261
